1,FIT-Singapore-001,Singapore,2019-12-24,2019-12-25,Peak season,Prices quoted are not valid during peak season,Price not valid,,,,,,,,,,,,,,,,,,,,,,,,,,,,,,,,,,,,,,,,,,,,,,,,,,,,,,,,,,,,,,,,,,,,,,,,,,,,,,,,,,,,,,,,,,,,,,,,,,,,,,,,,,,,,,,,,,,,,
2,FIT-Singapore-001,Singapore,2019-12-30,2020-01-01,Peak season,Prices quoted are not valid during peak season,Price not valid,,,,,,,,,,,,,,,,,,,,,,,,,,,,,,,,,,,,,,,,,,,,,,,,,,,,,,,,,,,,,,,,,,,,,,,,,,,,,,,,,,,,,,,,,,,,,,,,,,,,,,,,,,,,,,,,,,,,,
3,FIT-Singapore-001,Singapore,2020-02-10,2020-02-13,Air show,Not included in Package,Excluded,,,,,,,,,,,,,,,,,,,,,,,,,,,,,,,,,,,,,,,,,,,,,,,,,,,,,,,,,,,,,,,,,,,,,,,,,,,,,,,,,,,,,,,,,,,,,,,,,,,,,,,,,,,,,,,,,,,,,
4,FIT-Singapore-001,Singapore,2020-03-02,2020-03-05,Food Hotel Asia Event,Not included in Package,Excluded,,,,,,,,,,,,,,,,,,,,,,,,,,,,,,,,,,,,,,,,,,,,,,,,,,,,,,,,,,,,,,,,,,,,,,,,,,,,,,,,,,,,,,,,,,,,,,,,,,,,,,,,,,,,,,,,,,,,,
5,FIT-Singapore-001,Singapore,2020-03-30,2020-04-02,Food Hotel Asia Event,Not included in Package,Excluded,,,,,,,,,,,,,,,,,,,,,,,,,,,,,,,,,,,,,,,,,,,,,,,,,,,,,,,,,,,,,,,,,,,,,,,,,,,,,,,,,,,,,,,,,,,,,,,,,,,,,,,,,,,,,,,,,,,,,
6,FIT-Singapore-002,Singapore,2019-12-24,2019-12-25,Peak season,Prices quoted are not valid during peak season,Price not valid,,,,,,,,,,,,,,,,,,,,,,,,,,,,,,,,,,,,,,,,,,,,,,,,,,,,,,,,,,,,,,,,,,,,,,,,,,,,,,,,,,,,,,,,,,,,,,,,,,,,,,,,,,,,,,,,,,,,,
7,FIT-Singapore-002,Singapore,2019-12-30,2020-01-01,Peak season,Prices quoted are not valid during peak season,Price not valid,,,,,,,,,,,,,,,,,,,,,,,,,,,,,,,,,,,,,,,,,,,,,,,,,,,,,,,,,,,,,,,,,,,,,,,,,,,,,,,,,,,,,,,,,,,,,,,,,,,,,,,,,,,,,,,,,,,,,
8,FIT-Singapore-002,Singapore,2020-02-10,2020-02-13,Air show,Not included in Package,Excluded,,,,,,,,,,,,,,,,,,,,,,,,,,,,,,,,,,,,,,,,,,,,,,,,,,,,,,,,,,,,,,,,,,,,,,,,,,,,,,,,,,,,,,,,,,,,,,,,,,,,,,,,,,,,,,,,,,,,,
9,FIT-Singapore-002,Singapore,2020-03-02,2020-03-05,Food Hotel Asia Event,Not included in Package,Excluded,,,,,,,,,,,,,,,,,,,,,,,,,,,,,,,,,,,,,,,,,,,,,,,,,,,,,,,,,,,,,,,,,,,,,,,,,,,,,,,,,,,,,,,,,,,,,,,,,,,,,,,,,,,,,,,,,,,,,
10,FIT-Singapore-002,Singapore,2020-03-30,2020-04-02,Food Hotel Asia Event,Not included in Package,Excluded,,,,,,,,,,,,,,,,,,,,,,,,,,,,,,,,,,,,,,,,,,,,,,,,,,,,,,,,,,,,,,,,,,,,,,,,,,,,,,,,,,,,,,,,,,,,,,,,,,,,,,,,,,,,,,,,,,,,,
11,FIT-SIngapore-003,Singapore,2019-12-24,2019-12-25,Peak season,Prices quoted are not valid during peak season,Price not valid,,,,,,,,,,,,,,,,,,,,,,,,,,,,,,,,,,,,,,,,,,,,,,,,,,,,,,,,,,,,,,,,,,,,,,,,,,,,,,,,,,,,,,,,,,,,,,,,,,,,,,,,,,,,,,,,,,,,,
12,FIT-SIngapore-003,Singapore,2019-12-30,2020-01-01,Peak season,Prices quoted are not valid during peak season,Price not valid,,,,,,,,,,,,,,,,,,,,,,,,,,,,,,,,,,,,,,,,,,,,,,,,,,,,,,,,,,,,,,,,,,,,,,,,,,,,,,,,,,,,,,,,,,,,,,,,,,,,,,,,,,,,,,,,,,,,,
13,FIT-SIngapore-003,Singapore,2020-02-10,2020-02-13,Air show,Not included in Package,Excluded,,,,,,,,,,,,,,,,,,,,,,,,,,,,,,,,,,,,,,,,,,,,,,,,,,,,,,,,,,,,,,,,,,,,,,,,,,,,,,,,,,,,,,,,,,,,,,,,,,,,,,,,,,,,,,,,,,,,,
14,FIT-SIngapore-003,Singapore,2020-03-02,2020-03-05,Food Hotel Asia Event,Not included in Package,Excluded,,,,,,,,,,,,,,,,,,,,,,,,,,,,,,,,,,,,,,,,,,,,,,,,,,,,,,,,,,,,,,,,,,,,,,,,,,,,,,,,,,,,,,,,,,,,,,,,,,,,,,,,,,,,,,,,,,,,,
15,FIT-SIngapore-003,Singapore,2020-03-30,2020-04-02,Food Hotel Asia Event,Not included in Package,Excluded,,,,,,,,,,,,,,,,,,,,,,,,,,,,,,,,,,,,,,,,,,,,,,,,,,,,,,,,,,,,,,,,,,,,,,,,,,,,,,,,,,,,,,,,,,,,,,,,,,,,,,,,,,,,,,,,,,,,,
16,FIT-SIngapore-004,Singapore,2019-12-24,2019-12-25,Peak season,Prices quoted are not valid during peak season,Price not valid,,,,,,,,,,,,,,,,,,,,,,,,,,,,,,,,,,,,,,,,,,,,,,,,,,,,,,,,,,,,,,,,,,,,,,,,,,,,,,,,,,,,,,,,,,,,,,,,,,,,,,,,,,,,,,,,,,,,,
17,FIT-SIngapore-004,Singapore,2019-12-30,2020-01-01,Peak season,Prices quoted are not valid during peak season,Price not valid,,,,,,,,,,,,,,,,,,,,,,,,,,,,,,,,,,,,,,,,,,,,,,,,,,,,,,,,,,,,,,,,,,,,,,,,,,,,,,,,,,,,,,,,,,,,,,,,,,,,,,,,,,,,,,,,,,,,,
18,FIT-SIngapore-004,Singapore,2020-02-10,2020-02-13,Air show,Not included in Package,Excluded,,,,,,,,,,,,,,,,,,,,,,,,,,,,,,,,,,,,,,,,,,,,,,,,,,,,,,,,,,,,,,,,,,,,,,,,,,,,,,,,,,,,,,,,,,,,,,,,,,,,,,,,,,,,,,,,,,,,,
19,FIT-SIngapore-004,Singapore,2020-03-02,2020-03-05,Food Hotel Asia Event,Not included in Package,Excluded,,,,,,,,,,,,,,,,,,,,,,,,,,,,,,,,,,,,,,,,,,,,,,,,,,,,,,,,,,,,,,,,,,,,,,,,,,,,,,,,,,,,,,,,,,,,,,,,,,,,,,,,,,,,,,,,,,,,,
20,FIT-SIngapore-004,Singapore,2020-03-30,2020-04-02,Food Hotel Asia Event,Not included in Package,Excluded,,,,,,,,,,,,,,,,,,,,,,,,,,,,,,,,,,,,,,,,,,,,,,,,,,,,,,,,,,,,,,,,,,,,,,,,,,,,,,,,,,,,,,,,,,,,,,,,,,,,,,,,,,,,,,,,,,,,,
21,FIT-SIngapore-005,Singapore,2019-12-24,2019-12-25,Peak season,Prices quoted are not valid during peak season,Price not valid,,,,,,,,,,,,,,,,,,,,,,,,,,,,,,,,,,,,,,,,,,,,,,,,,,,,,,,,,,,,,,,,,,,,,,,,,,,,,,,,,,,,,,,,,,,,,,,,,,,,,,,,,,,,,,,,,,,,,
22,FIT-SIngapore-005,Singapore,2019-12-30,2020-01-01,Peak season,Prices quoted are not valid during peak season,Price not valid,,,,,,,,,,,,,,,,,,,,,,,,,,,,,,,,,,,,,,,,,,,,,,,,,,,,,,,,,,,,,,,,,,,,,,,,,,,,,,,,,,,,,,,,,,,,,,,,,,,,,,,,,,,,,,,,,,,,,
23,FIT-SIngapore-005,Singapore,2020-02-10,2020-02-13,Air show,Not included in Package,Excluded,,,,,,,,,,,,,,,,,,,,,,,,,,,,,,,,,,,,,,,,,,,,,,,,,,,,,,,,,,,,,,,,,,,,,,,,,,,,,,,,,,,,,,,,,,,,,,,,,,,,,,,,,,,,,,,,,,,,,
24,FIT-SIngapore-005,Singapore,2020-03-02,2020-03-05,Food Hotel Asia Event,Not included in Package,Excluded,,,,,,,,,,,,,,,,,,,,,,,,,,,,,,,,,,,,,,,,,,,,,,,,,,,,,,,,,,,,,,,,,,,,,,,,,,,,,,,,,,,,,,,,,,,,,,,,,,,,,,,,,,,,,,,,,,,,,
25,FIT-SIngapore-005,Singapore,2020-03-30,2020-04-02,Food Hotel Asia Event,Not included in Package,Excluded,,,,,,,,,,,,,,,,,,,,,,,,,,,,,,,,,,,,,,,,,,,,,,,,,,,,,,,,,,,,,,,,,,,,,,,,,,,,,,,,,,,,,,,,,,,,,,,,,,,,,,,,,,,,,,,,,,,,,
26,FIT-SIngapore-006,Singapore,2019-12-24,2019-12-25,Peak season,Prices quoted are not valid during peak season,Price not valid,,,,,,,,,,,,,,,,,,,,,,,,,,,,,,,,,,,,,,,,,,,,,,,,,,,,,,,,,,,,,,,,,,,,,,,,,,,,,,,,,,,,,,,,,,,,,,,,,,,,,,,,,,,,,,,,,,,,,
27,FIT-SIngapore-006,Singapore,2019-12-30,2020-01-01,Peak season,Prices quoted are not valid during peak season,Price not valid,,,,,,,,,,,,,,,,,,,,,,,,,,,,,,,,,,,,,,,,,,,,,,,,,,,,,,,,,,,,,,,,,,,,,,,,,,,,,,,,,,,,,,,,,,,,,,,,,,,,,,,,,,,,,,,,,,,,,
28,FIT-SIngapore-006,Singapore,2020-02-10,2020-02-13,Air show,Not included in Package,Excluded,,,,,,,,,,,,,,,,,,,,,,,,,,,,,,,,,,,,,,,,,,,,,,,,,,,,,,,,,,,,,,,,,,,,,,,,,,,,,,,,,,,,,,,,,,,,,,,,,,,,,,,,,,,,,,,,,,,,,
29,FIT-SIngapore-006,Singapore,2020-03-02,2020-03-05,Food Hotel Asia Event,Not included in Package,Excluded,,,,,,,,,,,,,,,,,,,,,,,,,,,,,,,,,,,,,,,,,,,,,,,,,,,,,,,,,,,,,,,,,,,,,,,,,,,,,,,,,,,,,,,,,,,,,,,,,,,,,,,,,,,,,,,,,,,,,
30,FIT-SIngapore-006,Singapore,2020-03-30,2020-04-02,Food Hotel Asia Event,Not included in Package,Excluded,,,,,,,,,,,,,,,,,,,,,,,,,,,,,,,,,,,,,,,,,,,,,,,,,,,,,,,,,,,,,,,,,,,,,,,,,,,,,,,,,,,,,,,,,,,,,,,,,,,,,,,,,,,,,,,,,,,,,
31,FIT-SIngapore-007,Singapore,2019-12-24,2019-12-25,Peak season,Prices quoted are not valid during peak season,Price not valid,,,,,,,,,,,,,,,,,,,,,,,,,,,,,,,,,,,,,,,,,,,,,,,,,,,,,,,,,,,,,,,,,,,,,,,,,,,,,,,,,,,,,,,,,,,,,,,,,,,,,,,,,,,,,,,,,,,,,
32,FIT-SIngapore-007,Singapore,2019-12-30,2020-01-01,Peak season,Prices quoted are not valid during peak season,Price not valid,,,,,,,,,,,,,,,,,,,,,,,,,,,,,,,,,,,,,,,,,,,,,,,,,,,,,,,,,,,,,,,,,,,,,,,,,,,,,,,,,,,,,,,,,,,,,,,,,,,,,,,,,,,,,,,,,,,,,
33,FIT-SIngapore-007,Singapore,2020-02-10,2020-02-13,Air show,Not included in Package,Excluded,,,,,,,,,,,,,,,,,,,,,,,,,,,,,,,,,,,,,,,,,,,,,,,,,,,,,,,,,,,,,,,,,,,,,,,,,,,,,,,,,,,,,,,,,,,,,,,,,,,,,,,,,,,,,,,,,,,,,
34,FIT-SIngapore-007,Singapore,2020-03-02,2020-03-05,Food Hotel Asia Event,Not included in Package,Excluded,,,,,,,,,,,,,,,,,,,,,,,,,,,,,,,,,,,,,,,,,,,,,,,,,,,,,,,,,,,,,,,,,,,,,,,,,,,,,,,,,,,,,,,,,,,,,,,,,,,,,,,,,,,,,,,,,,,,,
35,FIT-SIngapore-007,Singapore,2020-03-30,2020-04-02,Food Hotel Asia Event,Not included in Package,Excluded,,,,,,,,,,,,,,,,,,,,,,,,,,,,,,,,,,,,,,,,,,,,,,,,,,,,,,,,,,,,,,,,,,,,,,,,,,,,,,,,,,,,,,,,,,,,,,,,,,,,,,,,,,,,,,,,,,,,,
36,FIT-SIngapore-008,Singapore,2019-12-24,2019-12-25,Peak season,Prices quoted are not valid during peak season,Price not valid,,,,,,,,,,,,,,,,,,,,,,,,,,,,,,,,,,,,,,,,,,,,,,,,,,,,,,,,,,,,,,,,,,,,,,,,,,,,,,,,,,,,,,,,,,,,,,,,,,,,,,,,,,,,,,,,,,,,,
37,FIT-SIngapore-008,Singapore,2019-12-30,2020-01-01,Peak season,Prices quoted are not valid during peak season,Price not valid,,,,,,,,,,,,,,,,,,,,,,,,,,,,,,,,,,,,,,,,,,,,,,,,,,,,,,,,,,,,,,,,,,,,,,,,,,,,,,,,,,,,,,,,,,,,,,,,,,,,,,,,,,,,,,,,,,,,,
38,FIT-SIngapore-008,Singapore,2020-02-10,2020-02-13,Air show,Not included in Package,Excluded,,,,,,,,,,,,,,,,,,,,,,,,,,,,,,,,,,,,,,,,,,,,,,,,,,,,,,,,,,,,,,,,,,,,,,,,,,,,,,,,,,,,,,,,,,,,,,,,,,,,,,,,,,,,,,,,,,,,,
39,FIT-SIngapore-008,Singapore,2020-03-02,2020-03-05,Food Hotel Asia Event,Not included in Package,Excluded,,,,,,,,,,,,,,,,,,,,,,,,,,,,,,,,,,,,,,,,,,,,,,,,,,,,,,,,,,,,,,,,,,,,,,,,,,,,,,,,,,,,,,,,,,,,,,,,,,,,,,,,,,,,,,,,,,,,,
40,FIT-SIngapore-008,Singapore,2020-03-30,2020-04-02,Food Hotel Asia Event,Not included in Package,Excluded,,,,,,,,,,,,,,,,,,,,,,,,,,,,,,,,,,,,,,,,,,,,,,,,,,,,,,,,,,,,,,,,,,,,,,,,,,,,,,,,,,,,,,,,,,,,,,,,,,,,,,,,,,,,,,,,,,,,,
41,FIT-SIngapore-009,Singapore,2019-12-24,2019-12-25,Peak season,Prices quoted are not valid during peak season,Price not valid,,,,,,,,,,,,,,,,,,,,,,,,,,,,,,,,,,,,,,,,,,,,,,,,,,,,,,,,,,,,,,,,,,,,,,,,,,,,,,,,,,,,,,,,,,,,,,,,,,,,,,,,,,,,,,,,,,,,,
42,FIT-SIngapore-009,Singapore,2019-12-30,2020-01-01,Peak season,Prices quoted are not valid during peak season,Price not valid,,,,,,,,,,,,,,,,,,,,,,,,,,,,,,,,,,,,,,,,,,,,,,,,,,,,,,,,,,,,,,,,,,,,,,,,,,,,,,,,,,,,,,,,,,,,,,,,,,,,,,,,,,,,,,,,,,,,,
43,FIT-SIngapore-009,Singapore,2020-02-10,2020-02-13,Air show,Not included in Package,Excluded,,,,,,,,,,,,,,,,,,,,,,,,,,,,,,,,,,,,,,,,,,,,,,,,,,,,,,,,,,,,,,,,,,,,,,,,,,,,,,,,,,,,,,,,,,,,,,,,,,,,,,,,,,,,,,,,,,,,,
44,FIT-SIngapore-009,Singapore,2020-03-02,2020-03-05,Food Hotel Asia Event,Not included in Package,Excluded,,,,,,,,,,,,,,,,,,,,,,,,,,,,,,,,,,,,,,,,,,,,,,,,,,,,,,,,,,,,,,,,,,,,,,,,,,,,,,,,,,,,,,,,,,,,,,,,,,,,,,,,,,,,,,,,,,,,,
45,FIT-SIngapore-009,Singapore,2020-03-30,2020-04-02,Food Hotel Asia Event,Not included in Package,Excluded,,,,,,,,,,,,,,,,,,,,,,,,,,,,,,,,,,,,,,,,,,,,,,,,,,,,,,,,,,,,,,,,,,,,,,,,,,,,,,,,,,,,,,,,,,,,,,,,,,,,,,,,,,,,,,,,,,,,,
46,FIT-SIngapore-0010,Singapore,2019-12-24,2019-12-25,Peak season,Prices quoted are not valid during peak season,Price not valid,,,,,,,,,,,,,,,,,,,,,,,,,,,,,,,,,,,,,,,,,,,,,,,,,,,,,,,,,,,,,,,,,,,,,,,,,,,,,,,,,,,,,,,,,,,,,,,,,,,,,,,,,,,,,,,,,,,,,
47,FIT-SIngapore-0010,Singapore,2019-12-30,2020-01-01,Peak season,Prices quoted are not valid during peak season,Price not valid,,,,,,,,,,,,,,,,,,,,,,,,,,,,,,,,,,,,,,,,,,,,,,,,,,,,,,,,,,,,,,,,,,,,,,,,,,,,,,,,,,,,,,,,,,,,,,,,,,,,,,,,,,,,,,,,,,,,,
48,FIT-SIngapore-0010,Singapore,2020-02-10,2020-02-13,Air show,Not included in Package,Excluded,,,,,,,,,,,,,,,,,,,,,,,,,,,,,,,,,,,,,,,,,,,,,,,,,,,,,,,,,,,,,,,,,,,,,,,,,,,,,,,,,,,,,,,,,,,,,,,,,,,,,,,,,,,,,,,,,,,,,
49,FIT-SIngapore-0010,Singapore,2020-03-02,2020-03-05,Food Hotel Asia Event,Not included in Package,Excluded,,,,,,,,,,,,,,,,,,,,,,,,,,,,,,,,,,,,,,,,,,,,,,,,,,,,,,,,,,,,,,,,,,,,,,,,,,,,,,,,,,,,,,,,,,,,,,,,,,,,,,,,,,,,,,,,,,,,,
50,FIT-SIngapore-0010,Singapore,2020-03-30,2020-04-02,Food Hotel Asia Event,Not included in Package,Excluded,,,,,,,,,,,,,,,,,,,,,,,,,,,,,,,,,,,,,,,,,,,,,,,,,,,,,,,,,,,,,,,,,,,,,,,,,,,,,,,,,,,,,,,,,,,,,,,,,,,,,,,,,,,,,,,,,,,,,
51,FIT-SIngapore-0011,Singapore,2019-12-24,2019-12-25,Peak season,Prices quoted are not valid during peak season,Price not valid,,,,,,,,,,,,,,,,,,,,,,,,,,,,,,,,,,,,,,,,,,,,,,,,,,,,,,,,,,,,,,,,,,,,,,,,,,,,,,,,,,,,,,,,,,,,,,,,,,,,,,,,,,,,,,,,,,,,,
52,FIT-SIngapore-0011,Singapore,2019-12-30,2020-01-01,Peak season,Prices quoted are not valid during peak season,Price not valid,,,,,,,,,,,,,,,,,,,,,,,,,,,,,,,,,,,,,,,,,,,,,,,,,,,,,,,,,,,,,,,,,,,,,,,,,,,,,,,,,,,,,,,,,,,,,,,,,,,,,,,,,,,,,,,,,,,,,
53,FIT-SIngapore-0011,Singapore,2020-02-10,2020-02-13,Air show,Not included in Package,Excluded,,,,,,,,,,,,,,,,,,,,,,,,,,,,,,,,,,,,,,,,,,,,,,,,,,,,,,,,,,,,,,,,,,,,,,,,,,,,,,,,,,,,,,,,,,,,,,,,,,,,,,,,,,,,,,,,,,,,,
54,FIT-SIngapore-0011,Singapore,2020-03-02,2020-03-05,Food Hotel Asia Event,Not included in Package,Excluded,,,,,,,,,,,,,,,,,,,,,,,,,,,,,,,,,,,,,,,,,,,,,,,,,,,,,,,,,,,,,,,,,,,,,,,,,,,,,,,,,,,,,,,,,,,,,,,,,,,,,,,,,,,,,,,,,,,,,
55,FIT-SIngapore-0011,Singapore,2020-03-30,2020-04-02,Food Hotel Asia Event,Not included in Package,Excluded,,,,,,,,,,,,,,,,,,,,,,,,,,,,,,,,,,,,,,,,,,,,,,,,,,,,,,,,,,,,,,,,,,,,,,,,,,,,,,,,,,,,,,,,,,,,,,,,,,,,,,,,,,,,,,,,,,,,,
56,FIT-SIngapore-0012,Singapore,2019-12-24,2019-12-25,Peak season,Prices quoted are not valid during peak season,Price not valid,,,,,,,,,,,,,,,,,,,,,,,,,,,,,,,,,,,,,,,,,,,,,,,,,,,,,,,,,,,,,,,,,,,,,,,,,,,,,,,,,,,,,,,,,,,,,,,,,,,,,,,,,,,,,,,,,,,,,
57,FIT-SIngapore-0012,Singapore,2019-12-30,2020-01-01,Peak season,Prices quoted are not valid during peak season,Price not valid,,,,,,,,,,,,,,,,,,,,,,,,,,,,,,,,,,,,,,,,,,,,,,,,,,,,,,,,,,,,,,,,,,,,,,,,,,,,,,,,,,,,,,,,,,,,,,,,,,,,,,,,,,,,,,,,,,,,,
58,FIT-SIngapore-0012,Singapore,2020-02-10,2020-02-13,Air show,Not included in Package,Excluded,,,,,,,,,,,,,,,,,,,,,,,,,,,,,,,,,,,,,,,,,,,,,,,,,,,,,,,,,,,,,,,,,,,,,,,,,,,,,,,,,,,,,,,,,,,,,,,,,,,,,,,,,,,,,,,,,,,,,
59,FIT-SIngapore-0012,Singapore,2020-03-02,2020-03-05,Food Hotel Asia Event,Not included in Package,Excluded,,,,,,,,,,,,,,,,,,,,,,,,,,,,,,,,,,,,,,,,,,,,,,,,,,,,,,,,,,,,,,,,,,,,,,,,,,,,,,,,,,,,,,,,,,,,,,,,,,,,,,,,,,,,,,,,,,,,,
60,FIT-SIngapore-0012,Singapore,2020-03-30,2020-04-02,Food Hotel Asia Event,Not included in Package,Excluded,,,,,,,,,,,,,,,,,,,,,,,,,,,,,,,,,,,,,,,,,,,,,,,,,,,,,,,,,,,,,,,,,,,,,,,,,,,,,,,,,,,,,,,,,,,,,,,,,,,,,,,,,,,,,,,,,,,,,
61,FIT-SIngapore-0013,Singapore,2019-12-24,2019-12-25,Peak season,Prices quoted are not valid during peak season,Price not valid,,,,,,,,,,,,,,,,,,,,,,,,,,,,,,,,,,,,,,,,,,,,,,,,,,,,,,,,,,,,,,,,,,,,,,,,,,,,,,,,,,,,,,,,,,,,,,,,,,,,,,,,,,,,,,,,,,,,,
62,FIT-SIngapore-0013,Singapore,2019-12-30,2020-01-01,Peak season,Prices quoted are not valid during peak season,Price not valid,,,,,,,,,,,,,,,,,,,,,,,,,,,,,,,,,,,,,,,,,,,,,,,,,,,,,,,,,,,,,,,,,,,,,,,,,,,,,,,,,,,,,,,,,,,,,,,,,,,,,,,,,,,,,,,,,,,,,
63,FIT-SIngapore-0013,Singapore,2020-02-10,2020-02-13,Air show,Not included in Package,Excluded,,,,,,,,,,,,,,,,,,,,,,,,,,,,,,,,,,,,,,,,,,,,,,,,,,,,,,,,,,,,,,,,,,,,,,,,,,,,,,,,,,,,,,,,,,,,,,,,,,,,,,,,,,,,,,,,,,,,,
64,FIT-SIngapore-0013,Singapore,2020-03-02,2020-03-05,Food Hotel Asia Event,Not included in Package,Excluded,,,,,,,,,,,,,,,,,,,,,,,,,,,,,,,,,,,,,,,,,,,,,,,,,,,,,,,,,,,,,,,,,,,,,,,,,,,,,,,,,,,,,,,,,,,,,,,,,,,,,,,,,,,,,,,,,,,,,
65,FIT-SIngapore-0013,Singapore,2020-03-30,2020-04-02,Food Hotel Asia Event,Not included in Package,Excluded,,,,,,,,,,,,,,,,,,,,,,,,,,,,,,,,,,,,,,,,,,,,,,,,,,,,,,,,,,,,,,,,,,,,,,,,,,,,,,,,,,,,,,,,,,,,,,,,,,,,,,,,,,,,,,,,,,,,,
66,FIT-SIngapore-0014,Singapore,2019-12-24,2019-12-25,Peak season,Prices quoted are not valid during peak season,Price not valid,,,,,,,,,,,,,,,,,,,,,,,,,,,,,,,,,,,,,,,,,,,,,,,,,,,,,,,,,,,,,,,,,,,,,,,,,,,,,,,,,,,,,,,,,,,,,,,,,,,,,,,,,,,,,,,,,,,,,
67,FIT-SIngapore-0014,Singapore,2019-12-30,2020-01-01,Peak season,Prices quoted are not valid during peak season,Price not valid,,,,,,,,,,,,,,,,,,,,,,,,,,,,,,,,,,,,,,,,,,,,,,,,,,,,,,,,,,,,,,,,,,,,,,,,,,,,,,,,,,,,,,,,,,,,,,,,,,,,,,,,,,,,,,,,,,,,,
68,FIT-SIngapore-0014,Singapore,2020-02-10,2020-02-13,Air show,Not included in Package,Excluded,,,,,,,,,,,,,,,,,,,,,,,,,,,,,,,,,,,,,,,,,,,,,,,,,,,,,,,,,,,,,,,,,,,,,,,,,,,,,,,,,,,,,,,,,,,,,,,,,,,,,,,,,,,,,,,,,,,,,
69,FIT-SIngapore-0014,Singapore,2020-03-02,2020-03-05,Food Hotel Asia Event,Not included in Package,Excluded,,,,,,,,,,,,,,,,,,,,,,,,,,,,,,,,,,,,,,,,,,,,,,,,,,,,,,,,,,,,,,,,,,,,,,,,,,,,,,,,,,,,,,,,,,,,,,,,,,,,,,,,,,,,,,,,,,,,,
70,FIT-SIngapore-0014,Singapore,2020-03-30,2020-04-02,Food Hotel Asia Event,Not included in Package,Excluded,,,,,,,,,,,,,,,,,,,,,,,,,,,,,,,,,,,,,,,,,,,,,,,,,,,,,,,,,,,,,,,,,,,,,,,,,,,,,,,,,,,,,,,,,,,,,,,,,,,,,,,,,,,,,,,,,,,,,
71,FIT-SIngapore-0015,Singapore,2019-12-24,2019-12-25,Peak season,Prices quoted are not valid during peak season,Price not valid,,,,,,,,,,,,,,,,,,,,,,,,,,,,,,,,,,,,,,,,,,,,,,,,,,,,,,,,,,,,,,,,,,,,,,,,,,,,,,,,,,,,,,,,,,,,,,,,,,,,,,,,,,,,,,,,,,,,,
72,FIT-SIngapore-0015,Singapore,2019-12-30,2020-01-01,Peak season,Prices quoted are not valid during peak season,Price not valid,,,,,,,,,,,,,,,,,,,,,,,,,,,,,,,,,,,,,,,,,,,,,,,,,,,,,,,,,,,,,,,,,,,,,,,,,,,,,,,,,,,,,,,,,,,,,,,,,,,,,,,,,,,,,,,,,,,,,
73,FIT-SIngapore-0015,Singapore,2020-02-10,2020-02-13,Air show,Not included in Package,Excluded,,,,,,,,,,,,,,,,,,,,,,,,,,,,,,,,,,,,,,,,,,,,,,,,,,,,,,,,,,,,,,,,,,,,,,,,,,,,,,,,,,,,,,,,,,,,,,,,,,,,,,,,,,,,,,,,,,,,,
74,FIT-SIngapore-0015,Singapore,2020-03-02,2020-03-05,Food Hotel Asia Event,Not included in Package,Excluded,,,,,,,,,,,,,,,,,,,,,,,,,,,,,,,,,,,,,,,,,,,,,,,,,,,,,,,,,,,,,,,,,,,,,,,,,,,,,,,,,,,,,,,,,,,,,,,,,,,,,,,,,,,,,,,,,,,,,
75,FIT-SIngapore-0015,Singapore,2020-03-30,2020-04-02,Food Hotel Asia Event,Not included in Package,Excluded,,,,,,,,,,,,,,,,,,,,,,,,,,,,,,,,,,,,,,,,,,,,,,,,,,,,,,,,,,,,,,,,,,,,,,,,,,,,,,,,,,,,,,,,,,,,,,,,,,,,,,,,,,,,,,,,,,,,,
76,FIT-SIngapore-0016,Singapore,2019-12-24,2019-12-25,Peak season,Prices quoted are not valid during peak season,Price not valid,,,,,,,,,,,,,,,,,,,,,,,,,,,,,,,,,,,,,,,,,,,,,,,,,,,,,,,,,,,,,,,,,,,,,,,,,,,,,,,,,,,,,,,,,,,,,,,,,,,,,,,,,,,,,,,,,,,,,
77,FIT-SIngapore-0016,Singapore,2019-12-30,2020-01-01,Peak season,Prices quoted are not valid during peak season,Price not valid,,,,,,,,,,,,,,,,,,,,,,,,,,,,,,,,,,,,,,,,,,,,,,,,,,,,,,,,,,,,,,,,,,,,,,,,,,,,,,,,,,,,,,,,,,,,,,,,,,,,,,,,,,,,,,,,,,,,,
78,FIT-SIngapore-0016,Singapore,2020-02-10,2020-02-13,Air show,Not included in Package,Excluded,,,,,,,,,,,,,,,,,,,,,,,,,,,,,,,,,,,,,,,,,,,,,,,,,,,,,,,,,,,,,,,,,,,,,,,,,,,,,,,,,,,,,,,,,,,,,,,,,,,,,,,,,,,,,,,,,,,,,
79,FIT-SIngapore-0016,Singapore,2020-03-02,2020-03-05,Food Hotel Asia Event,Not included in Package,Excluded,,,,,,,,,,,,,,,,,,,,,,,,,,,,,,,,,,,,,,,,,,,,,,,,,,,,,,,,,,,,,,,,,,,,,,,,,,,,,,,,,,,,,,,,,,,,,,,,,,,,,,,,,,,,,,,,,,,,,
80,FIT-SIngapore-0016,Singapore,2020-03-30,2020-04-02,Food Hotel Asia Event,Not included in Package,Excluded,,,,,,,,,,,,,,,,,,,,,,,,,,,,,,,,,,,,,,,,,,,,,,,,,,,,,,,,,,,,,,,,,,,,,,,,,,,,,,,,,,,,,,,,,,,,,,,,,,,,,,,,,,,,,,,,,,,,,
