1,FIT-Tirupati-001,Tirupati,2019-09-01,2020-03-01,Peak season,This package is not valid,Not Available,,,,,,,,,,,,,,,,,,,,,,,,,,,,,,,,,,,,,,,,,,,,,,,,,,,,,,,,,,,,,,,,,,,,,,,,,,,,,,,,,,,,,,,,,,,,,,,,,,,,,,,,
2,FIT-Tirupati-001,Tirupati,,,Long weekend,This package is not valid,Not Available,,,,,,,,,,,,,,,,,,,,,,,,,,,,,,,,,,,,,,,,,,,,,,,,,,,,,,,,,,,,,,,,,,,,,,,,,,,,,,,,,,,,,,,,,,,,,,,,,,,,,,,,
3,FIT-Tirupati-001,Tirupati,,,Festival,This package is not valid,Not Available,,,,,,,,,,,,,,,,,,,,,,,,,,,,,,,,,,,,,,,,,,,,,,,,,,,,,,,,,,,,,,,,,,,,,,,,,,,,,,,,,,,,,,,,,,,,,,,,,,,,,,,,
4,FIT-Hyderabad-001,Hyderabad,,,Peak season,This package is not valid,Not Available,,,,,,,,,,,,,,,,,,,,,,,,,,,,,,,,,,,,,,,,,,,,,,,,,,,,,,,,,,,,,,,,,,,,,,,,,,,,,,,,,,,,,,,,,,,,,,,,,,,,,,,,
5,FIT-Hyderabad-001,Hyderabad,,,Long weekend,This package is not valid,Not Available,,,,,,,,,,,,,,,,,,,,,,,,,,,,,,,,,,,,,,,,,,,,,,,,,,,,,,,,,,,,,,,,,,,,,,,,,,,,,,,,,,,,,,,,,,,,,,,,,,,,,,,,
6,FIT-Hyderabad-001,Hyderabad,,,Festival,This package is not valid,Not Available,,,,,,,,,,,,,,,,,,,,,,,,,,,,,,,,,,,,,,,,,,,,,,,,,,,,,,,,,,,,,,,,,,,,,,,,,,,,,,,,,,,,,,,,,,,,,,,,,,,,,,,,
7,FIT-Gujarat-001,Gujarat,,,Peak season,This package is not valid,Not Available,,,,,,,,,,,,,,,,,,,,,,,,,,,,,,,,,,,,,,,,,,,,,,,,,,,,,,,,,,,,,,,,,,,,,,,,,,,,,,,,,,,,,,,,,,,,,,,,,,,,,,,,
8,FIT-Gujarat-001,Gujarat,,,Long weekend,This package is not valid,Not Available,,,,,,,,,,,,,,,,,,,,,,,,,,,,,,,,,,,,,,,,,,,,,,,,,,,,,,,,,,,,,,,,,,,,,,,,,,,,,,,,,,,,,,,,,,,,,,,,,,,,,,,,
9,FIT-Gujarat-001,Gujarat,,,Festival,This package is not valid,Not Available,,,,,,,,,,,,,,,,,,,,,,,,,,,,,,,,,,,,,,,,,,,,,,,,,,,,,,,,,,,,,,,,,,,,,,,,,,,,,,,,,,,,,,,,,,,,,,,,,,,,,,,,
10,FIT-Andaman-001,Splendid Andaman,2019-12-01,2020-03-31,Peak season & Long weekend,Prices quoted are not valid during peak season,Price not valid,,,,,,,,,,,,,,,,,,,,,,,,,,,,,,,,,,,,,,,,,,,,,,,,,,,,,,,,,,,,,,,,,,,,,,,,,,,,,,,,,,,,,,,,,,,,,,,,,,,,,,,,
11,FIT-Andaman-002,"Mesmerizing Andaman
",2019-10-21,2020-03-31,Peak season & Long weekend,Prices quoted are not valid during peak season,Price not valid,,,,,,,,,,,,,,,,,,,,,,,,,,,,,,,,,,,,,,,,,,,,,,,,,,,,,,,,,,,,,,,,,,,,,,,,,,,,,,,,,,,,,,,,,,,,,,,,,,,,,,,,
12,FIT-Andaman-003,"Honeymoon In Andaman
",2019-12-01,2020-03-31,Peak season & Long weekend,Prices quoted are not valid during peak season,Price not valid,,,,,,,,,,,,,,,,,,,,,,,,,,,,,,,,,,,,,,,,,,,,,,,,,,,,,,,,,,,,,,,,,,,,,,,,,,,,,,,,,,,,,,,,,,,,,,,,,,,,,,,,
13,FIT-Andaman-004,"Andaman Island Triangle
",2019-12-01,2020-03-31,Peak season & Long weekend,Prices quoted are not valid during peak season,Price not valid,,,,,,,,,,,,,,,,,,,,,,,,,,,,,,,,,,,,,,,,,,,,,,,,,,,,,,,,,,,,,,,,,,,,,,,,,,,,,,,,,,,,,,,,,,,,,,,,,,,,,,,,
14,FIT-Andaman-005,"Experience Andaman
",2019-12-01,2020-03-31,Peak season & Long weekend,Prices quoted are not valid during peak season,Price not valid,,,,,,,,,,,,,,,,,,,,,,,,,,,,,,,,,,,,,,,,,,,,,,,,,,,,,,,,,,,,,,,,,,,,,,,,,,,,,,,,,,,,,,,,,,,,,,,,,,,,,,,,
15,FIT-NorthEast-001,Kaziranga,2019-09-01,2019-10-31,No jungle activity,No jungle activity,NULL,,,,,,,,,,,,,,,,,,,,,,,,,,,,,,,,,,,,,,,,,,,,,,,,,,,,,,,,,,,,,,,,,,,,,,,,,,,,,,,,,,,,,,,,,,,,,,,,,,,,,,,,
16,FIT-NorthEast-001,Kaziranga,2019-11-01,2020-03-31,Jungle activity starts,Jungle activity starts,NULL,,,,,,,,,,,,,,,,,,,,,,,,,,,,,,,,,,,,,,,,,,,,,,,,,,,,,,,,,,,,,,,,,,,,,,,,,,,,,,,,,,,,,,,,,,,,,,,,,,,,,,,,
17,FIT-NorthEast-002,Kaziranga,2019-09-01,2019-10-31,No jungle activity,No jungle activity,NULL,,,,,,,,,,,,,,,,,,,,,,,,,,,,,,,,,,,,,,,,,,,,,,,,,,,,,,,,,,,,,,,,,,,,,,,,,,,,,,,,,,,,,,,,,,,,,,,,,,,,,,,,
18,FIT-NorthEast-002,Kaziranga,2019-11-01,2020-03-31,Jungle activity starts,Jungle activity starts,NULL,,,,,,,,,,,,,,,,,,,,,,,,,,,,,,,,,,,,,,,,,,,,,,,,,,,,,,,,,,,,,,,,,,,,,,,,,,,,,,,,,,,,,,,,,,,,,,,,,,,,,,,,
19,FIT-NorthEast-006,Kaziranga,2019-09-01,2019-10-31,No jungle activity,No jungle activity,NULL,,,,,,,,,,,,,,,,,,,,,,,,,,,,,,,,,,,,,,,,,,,,,,,,,,,,,,,,,,,,,,,,,,,,,,,,,,,,,,,,,,,,,,,,,,,,,,,,,,,,,,,,
20,FIT-NorthEast-006,Kaziranga,2019-11-01,2020-03-31,Jungle activity starts,Jungle activity starts,NULL,,,,,,,,,,,,,,,,,,,,,,,,,,,,,,,,,,,,,,,,,,,,,,,,,,,,,,,,,,,,,,,,,,,,,,,,,,,,,,,,,,,,,,,,,,,,,,,,,,,,,,,,
