1,FIT-Singapore-001,EXCITING SINGAPORE,International-Asia-Singapore,"Singapore, an island city-state off southern Malaysia, is a global financial centre with a tropical climate and multicultural population. A country where every experience is a journey in itself. The moment you land into this exotic country, you will be high on spirit witnessing the Singaporean hospitality. ",Winter,International,FIT,No,3,4,3,2019-11-28,31-03-2020,,"Family , Couples","Jurong Bird Park, Gardens by the Bay ",Yes,South East Asia,Singapore,Singapore,Singapore,,,,,No,No,Yes,Yes,Yes,No,No,No,The Traveller,Budget,"3 Star, Twin Sharing, Shared Transfer (SIC)",364,364,613,SGD,28-Nov-19,31-Dec-20,Yes,Yes,No,No,NA,EL1,HO
2,FIT-SIngapore-002,Singapore with Sentosa,International-Asia-Singapore,"Singapore, an island city-state off southern Malaysia, is a global financial centre with a tropical climate and multicultural population. A country where every experience is a journey in itself. The moment you land into this exotic country, you will be high on spirit witnessing the Singaporean hospitality. ",Winter,International,FIT,No,3,5,4,2019-11-01,31-03-2020,,"Family , Couples","Merlion Park, Little India, Chinatown, Universal Studios, Sentosa Island, Madame Tussauds, Images of Singapore",Yes,South East Asia,Singapore,Singapore,Singapore,,,,,No,No,Yes,Yes,Yes,No,No,No,The Traveller,Budget,"3 Star, Twin Sharing, Shared Transfer (SIC)",1019,1019,1195,SGD,01-Nov-19,31-Mar-20,Yes,Yes,No,No,NA,EL1,HO
3,FIT-SIngapore-003,Singapore Free N Easy,International-Asia-Singapore,"Singapore, an island city-state off southern Malaysia, is a global financial centre with a tropical climate and multicultural population. A country where every experience is a journey in itself. The moment you land into this exotic country, you will be high on spirit witnessing the Singaporean hospitality. ",Winter,International,FIT,No,3,4,3,2019-11-01,31-03-2020,,"Family , Couples","Universal Studios, Images of Singapore",Yes,South East Asia,Singapore,Singapore,Singapore,,,,,No,No,Yes,Yes,Yes,No,No,No,The Traveller,Budget,"3 Star, Twin Sharing, Shared Transfer (SIC)",459,459,705,SGD,01-Nov-19,31-Mar-20,Yes,Yes,No,No,NA,EL1,HO
4,FIT-SIngapore-004,Sizzling Singapore,International-Asia-Singapore,"Singapore, an island city-state off southern Malaysia, is a global financial centre with a tropical climate and multicultural population. A country where every experience is a journey in itself. The moment you land into this exotic country, you will be high on spirit witnessing the Singaporean hospitality. ",Winter,International,FIT,No,3,5,4,2019-11-01,31-03-2020,,"Family , Couples","Jurong Bird Park, Gardens by the Bay, Universal Studios",Yes,South East Asia,Singapore,Singapore,Singapore,,,,,No,No,Yes,Yes,Yes,No,No,No,The Traveller,Budget,"3 Star, Twin Sharing, Shared Transfer (SIC)",612,612,955,SGD,01-Nov-19,31-Mar-20,Yes,Yes,No,No,NA,EL1,HO
5,FIT-SIngapore-005,Singapore With Thailand,International-Asia-Singapore,"Singapore, an island city-state off southern Malaysia, is a global financial centre with a tropical climate and multicultural population. Thailand is a Southeast Asian country. It's known for tropical beaches, opulent royal palaces, ancient ruins and ornate temples displaying figures of Buddha. In Bangkok, the capital, an ultramodern cityscape rises next to quiet canalside communities and the iconic temples of Wat Arun, Wat Pho and the Emerald Buddha Temple (Wat Phra Kaew). ",Winter,International,FIT,No,3,9,8,2019-11-01,31-03-2020,,"Family , Couples","Singapore City tour, Universal Studios, Golden Buddha temple, Coral Island ",Yes,South East Asia,Singapore,Singapore,Singapore,,,,,No,No,Yes,Yes,Yes,No,No,No,The Traveller & DS Travel,Budget,"3 Star, Twin Sharing, Shared Transfer (SIC)",552,552,935,USD,01-Nov-19,31-Mar-20,Yes,Yes,No,No,NA,EL1,HO
6,FIT-SIngapore-006,Singapore With Kuala Lumpur,International-Asia-Singapore,"Singapore, an island city-state off southern Malaysia, is a global financial centre with a tropical climate and multicultural population. Kuala Lumpur is the capital of Malaysia. Its modern skyline is dominated by the 451m-tall Petronas Twin Towers, a pair of glass-and-steel-clad skyscrapers with Islamic motifs. The towers also offer a public skybridge and observation deck. The city is also home to British colonial-era landmarks such as the Kuala Lumpur Railway Station and the Sultan Abdul Samad Building.",Winter,International,FIT,No,3,7,6,2019-11-01,31-03-2020,,"Family , Couples","Singapore city tour, Sentosa Island, Genting Highlands",Yes,South East Asia,Singapore,Singapore,Singapore,,,,,No,No,Yes,Yes,Yes,No,No,No,The Traveller,Budget,"3 Star, Twin Sharing, Shared Transfer (SIC)",465,465,760,SGD,01-Nov-19,31-Mar-20,Yes,Yes,No,No,NA,EL1,HO
7,FIT-SIngapore-007,Singapore & Kuala Lumpur With Coach,International-Asia-Singapore,"Singapore, an island city-state off southern Malaysia, is a global financial centre with a tropical climate and multicultural population. Kuala Lumpur is the capital of Malaysia. Its modern skyline is dominated by the 451m-tall Petronas Twin Towers, a pair of glass-and-steel-clad skyscrapers with Islamic motifs. The towers also offer a public skybridge and observation deck. The city is also home to British colonial-era landmarks such as the Kuala Lumpur Railway Station and the Sultan Abdul Samad Building.",Winter,International,FIT,No,3,7,6,2019-11-01,31-03-2020,,"Family , Couples","Singapore city tour, Sentosa Island, Genting Highlands",Yes,South East Asia,Singapore,Singapore,Singapore,,,,,No,No,Yes,Yes,Yes,No,No,No,The Traveller,Budget,"3 Star, Twin Sharing, Shared Transfer (SIC)",550,550,850,USD ,01-Nov-19,31-Mar-20,Yes,Yes,No,No,NA,EL1,HO
8,FIT-SIngapore-008,Singapore With Langkawi,International-Asia-Singapore,"Singapore, an island city-state off southern Malaysia, is a global financial centre with a tropical climate and multicultural population. Langkawi, officially known as Langkawi, the Jewel of Kedah, is a district and an archipelago of 99 islands in the Andaman Sea some 30 km off the mainland coast of northwestern Malaysia. ",Winter,International,FIT,No,3,6,5,2019-11-01,31-03-2020,,"Family , Couples","Singapore city tour, Sentosa Island, Universal Studios, Langkawi City tour",Yes,South East Asia,Singapore,Singapore,Singapore,,,,,No,No,Yes,Yes,Yes,No,No,No,The Traveller,Budget,"3 Star, Twin Sharing, Shared Transfer (SIC)",425,425,695,USD ,01-Nov-19,31-Mar-20,Yes,Yes,No,No,NA,EL1,HO
9,FIT-SIngapore-009,Singapore With Bali,International-Asia-Singapore,"Singapore, an island city-state off southern Malaysia, is a global financial centre with a tropical climate and multicultural population. Bali is an Indonesian island known for its forested volcanic mountains, iconic rice paddies, beaches and coral reefs. The island is home to religious sites such as cliffside Uluwatu Temple. To the south, the beachside city of Kuta has lively bars, while Seminyak, Sanur and Nusa Dua are popular resort towns. ",Winter,International,FIT,No,3,7,6,2019-11-01,31-03-2020,,"Family , Couples","Singapore city tour, Sentosa Island, Universal Studios, Kintamani Volcano, Tanjung benoa beach",Yes,South East Asia,Singapore,Singapore,Singapore,,,,,No,No,Yes,Yes,Yes,No,No,No,The Traveller & STS,Budget,"3 Star, Twin Sharing, Shared Transfer (SIC)",495,495,718,USD ,01-Nov-19,31-Mar-20,Yes,Yes,No,No,NA,EL1,HO
10,FIT-SIngapore-0010,Singapore With Bintan,International-Asia-Singapore,"Singapore, an island city-state off southern Malaysia, is a global financial centre with a tropical climate and multicultural population. As the largest island in the Riau Island, Bintan is the perfect heavenly getaway for leisure and adventure seekers. Best known for its high-end resorts, world-class golf courses, and magnificent coastal beauty.",Winter,International,FIT,No,3,6,5,2019-11-01,31-03-2020,,"Family , Couples","Merlion Park, Little India, Chinatown, Universal Studios",Yes,South East Asia,Singapore,Singapore,Singapore,,,,,No,No,Yes,Yes,Yes,No,No,No,The Traveller,Budget,"3 Star, Twin Sharing, Shared Transfer (SIC)",805,805,1315,SGD,01-Nov-19,31-Mar-20,Yes,Yes,No,No,NA,EL1,HO
11,FIT-SIngapore-0011,Singapore Family Fun,International-Asia-Singapore,"Singapore, an island city-state off southern Malaysia, is a global financial centre with a tropical climate and multicultural population. A country where every experience is a journey in itself. The moment you land into this exotic country, you will be high on spirit witnessing the Singaporean hospitality. ",Winter,International,FIT,No,3,6,5,2019-11-01,31-03-2020,,"Family , Couples","Jurong Bird Park, Gardens by the Bay, Universal Studios, Singapore Zoo, Night Safari",Yes,South East Asia,Singapore,Singapore,Singapore,,,,,No,No,Yes,Yes,Yes,No,No,No,The Traveller,Budget,"3 Star, Twin Sharing, Shared Transfer (SIC)",845,845,1245,SGD,01-Nov-19,31-Mar-20,Yes,Yes,No,No,NA,EL1,HO
12,FIT-SIngapore-0012,Singapore With Marina Bay Sands,International-Asia-Singapore,"Singapore, an island city-state off southern Malaysia, is a global financial centre with a tropical climate and multicultural population. A country where every experience is a journey in itself. The moment you land into this exotic country, you will be high on spirit witnessing the Singaporean hospitality. ",Winter,International,FIT,No,3,5,4,2019-11-01,31-03-2020,,"Family , Couples","Marina Bay Sands, Universal Studios, Sentosa Island ",Yes,South East Asia,Singapore,Singapore,Singapore,,,,,No,No,Yes,Yes,Yes,No,No,No,The Traveller,Budget,"3 Star, Twin Sharing, Shared Transfer (SIC)",810,810,1385,SGD,01-Nov-19,31-Mar-20,Yes,Yes,No,No,NA,EL1,HO
13,FIT-SIngapore-0013,Historic Singapore,International-Asia-Singapore,"Singapore, an island city-state off southern Malaysia, is a global financial centre with a tropical climate and multicultural population. A country where every experience is a journey in itself. The moment you land into this exotic country, you will be high on spirit witnessing the Singaporean hospitality. ",Winter,International,FIT,No,3,4,3,2019-11-01,31-03-2020,,"Family , Couples","Merlion Park, Little India, Chinatown, Universal Studios",Yes,South East Asia,Singapore,Singapore,Singapore,,,1.3521,103.8198,No,No,Yes,Yes,Yes,No,No,No,The Traveller,Budget,"3 Star, Twin Sharing, Shared Transfer (SIC)",372,372,622,SGD,01-Nov-19,31-Mar-20,Yes,Yes,No,No,NA,EL1,HO
14,FIT-SIngapore-0014,Mesmerising Singapore,International-Asia-Singapore,"Singapore, an island city-state off southern Malaysia, is a global financial centre with a tropical climate and multicultural population. A country where every experience is a journey in itself. The moment you land into this exotic country, you will be high on spirit witnessing the Singaporean hospitality. ",Winter,International,FIT,No,3,6,5,2019-11-01,31-03-2020,,"Family , Couples","Floating Donut, Bicycle Tour, Yatch Tour, Universal Studio, Jurong Bird Park, Gardens by the Bay",Yes,South East Asia,Singapore,Singapore,Singapore,,,1.3521,103.8198,No,No,Yes,Yes,Yes,No,No,No,The Traveller,Budget,"3 Star, Twin Sharing, Shared Transfer (SIC)",909,909,1305,SGD,01-Nov-19,31-Mar-20,Yes,Yes,No,No,NA,EL1,HO
15,FIT-SIngapore-0015,Enchanting Singapore,International-Asia-Singapore,"Singapore, an island city-state off southern Malaysia, is a global financial centre with a tropical climate and multicultural population. A country where every experience is a journey in itself. The moment you land into this exotic country, you will be high on spirit witnessing the Singaporean hospitality. ",Winter,International,FIT,No,3,5,4,2019-11-01,31-03-2020,,"Family , Couples","Night Safari, Universal Studio, Gardens by the Bay",Yes,South East Asia,Singapore,Singapore,Singapore,,,1.3521,103.8198,No,No,Yes,Yes,Yes,No,No,No,The Traveller,Budget,"3 Star, Twin Sharing, Shared Transfer (SIC)",665,665,989,SGD,01-Nov-19,31-Mar-20,Yes,Yes,No,No,NA,EL1,HO
16,FIT-SIngapore-0016,Singapore With Resorts World Sentosa,International-Asia-Singapore,"Singapore, an island city-state off southern Malaysia, is a global financial centre with a tropical climate and multicultural population. A country where every experience is a journey in itself. The moment you land into this exotic country, you will be high on spirit witnessing the Singaporean hospitality. ",Winter,International,FIT,No,3,6,5,2019-11-01,31-03-2020,,"Family , Couples","Adventure Cove Park, S.E.A Aquarium & Maritime Experiental Museum, Typhoon Theatre, Madame Tussauds",Yes,South East Asia,Singapore,Singapore,Singapore,,,1.3521,103.8198,No,No,Yes,Yes,Yes,No,No,No,The Traveller,Budget,"3 Star, Twin Sharing, Shared Transfer (SIC)",1125,1125,1455,SGD,01-Nov-19,31-Mar-20,Yes,Yes,No,No,NA,EL1,HO
