1,FIT-Tarkarli-001,Tarkarli Getaway,Domestic-India-Maharashtra,,Winter,Domestic,FIT,No,3,3,2,2019-07-11,2019-12-31,,Family,Family ,Yes,Asia,India,Maharashtra,Sindhudurg,Tarkarli,,16.05 N,73.46E,No,No,Yes,Yes,Yes,No,No,No,,Budget,"3*, Twin sharing, Private tranfer",8000,8000,11000,INR,23-Nov-19,31-Dec-20,No,Yes,NA,NA,26-Nov-19,DW9,NULL,,,,,,,,,,,,,,,,,
2,FIT-Tirupati-001,Tirupati Getaway,Domestic-Asia-India-Andhra Pradesh,,Winter,Domestic,FIT,No,3,3,2,2019-10-01,2020-03-31,,Spiritual,"Tirupati, Lord Venkateshwara",Yes,Asia,India,Andhra Pradesh,Tirupati,,,,,No,No,Yes,Yes,Yes,No,No,No,Garuda India Holidays,Budget,"3*, Twin Shared, AC transfer",12900,12900,20300,INR,1-Oct-19,31-Mar-20,No,Yes,NA,NA,27-Feb-19,EK9,NULL,,,,,,,,,,,,,,,,,
3,FIT-Hyderabad-001,Hyderabad with Ramoji,Domestic-Asia-India-Andhra Pradesh,,Winter,Domestic,FIT,No,3,4,3,2019-10-01,2020-03-31,,Family,"Hyderabad, Ramoji, Safdarjung, Museums",Yes,Asia,India,Andhra Pradesh,Hyderabad,,,,,No,No,Yes,Yes,Yes,No,No,No,Garuda India Holidays,Budget,"4*, Twin Shared, AC transfer",17000,17000,170000,INR,1-Oct-19,31-Mar-20,No,Yes,NA,NA,27-Feb-19,EK9,NULL,,,,,,,,,,,,,,,,,
4,FIT-Gujarat-001,Incredible Gujarat,Domestic-Asia-India-Gujarat,,Winter,Domestic,FIT,No,3,11,10,2019-10-01,2020-03-31,,Family,"Gujarat, Jamnagar, Dwraka, Somnath, Diu, Gandhi",Yes,Asia,India,Gujarat,,,,,,No,No,Yes,Yes,Yes,No,No,No,Harsh Holidays,Budget,"3*, Twin Shared, AC transfer",38700,38700,45000,INR,1-Oct-19,31-Mar-20,No,Yes,NA,NA,29-Mar-19,EK9,NULL,,,,,,,,,,,,,,,,,
5,FIT-Maharashtra-001,Ashtavinayak Yatra,Domestic-Asia-India-Maharashtra,,Winter,Domestic,FIT,No,3,3,2,2019-11-23,2020-03-31,,"Spiritual, Family","Ashtavinayak, Pali, Mahad",Yes,Asia,India,Maharashtra,,,,,,No,No,Yes,Yes,Yes,No,No,No,,Budget,"3 Star, Twin Sharing, Private Transfer ",17500,17500,17500,INR,23-Nov-19,31-Mar-20,No,Yes,NA,NA,29-Mar-19,,NULL,,,,,,,,,,,,,,,,,
6,FIT-Amritsar-001,Amritsar Getaway,Domestic-Asia-India-Amritsar,,WInter,Domestic,FIT,No,3,3,2,2019-08-15,2020-03-31,,Family,"Amritsar, Golden Temple, Jalian Walabagh",Yes,Asia,India,Punjab,Amritsar,,,,,No,No,Yes,Yes,Yes,No,No,No,,Budget,"3 Star, Twin Sharing, Private Transfer ",12900,12900,12900,INR,15-Aug-19,31-Mar-20,No,Yes,NA,NA,15-Jul-17,DW9,NULL,,,,,,,,,,,,,,,,,
7,FIT-Andaman-001,Splendid Andaman,Mountain Edge,,Winter,Domestic,FIT,No,3,5,4,2019-12-01,2020-03-31,,Family,"The Cellular Jail, Ross & North Bay, Kalapathar Beach",Yes,Asia,India,Andaman,Port Blair,,,,,No,No,Yes,Yes,Yes,No,No,No,Mountain Edge,"Standard, Deluxe, Premium","Twin Shared, Private AC transfer",20000,20000,,INR,1-Dec-19,31-Mar-20,Yes,Yes,NA,NA,,,NULL,,,,,,,,,,,,,,,,,
8,FIT-Andaman-002,"Mesmerizing Andaman
",Mountain Edge,,Winter,Domestic,FIT,No,3,6,5,2019-10-21,2020-03-31,,Family,"The Cellular Jail, Laxmanpur Beach, Bharatpur Beach, Neil Island",Yes,Asia,India,Andaman,Port Blair,,,,,No,No,Yes,Yes,Yes,No,No,No,Mountain Edge,"Standard, Deluxe, Premium","Twin Shared, Private AC transfer",29900,29900,,INR,21-Oct-19,31-Mar-20,Yes,Yes,NA,NA,,,NULL,,,,,,,,,,,,,,,,,
9,FIT-Andaman-003,"Honeymoon In Andaman
",Mountain Edge,,Winter,Domestic,FIT,No,3,6,5,2019-09-01,2020-03-31,,Honeymoon,"The Cellular Jail, Ross & North Bay, Kalapathar Beach, Elephant Beach, ",Yes,Asia,India,Andaman,Port Blair,,,,,No,No,Yes,Yes,Yes,No,No,No,Mountain Edge,"Standard, Deluxe, Premium","Twin Shared, Private AC transfer",29900,29900,,INR,1-Sep-19,31-Mar-20,Yes,Yes,NA,NA,,,NULL,,,,,,,,,,,,,,,,,
10,FIT-Andaman-004,"Andaman Island Triangle
",Mountain Edge,,Winter,Domestic,FIT,No,3,7,6,2019-09-01,2020-03-31,,Family,"The Cellular Jail, Ross & North Bay,Radhanagar Beach, Kalapathar Beach,  Laxmanpur Beach",Yes,Asia,India,Andaman,Port Blair,,,,,No,No,Yes,Yes,Yes,No,No,No,Mountain Edge,"Standard, Deluxe, Premium","Twin Shared, Private AC transfer",34500,34500,,INR,1-Sep-19,31-Mar-20,Yes,Yes,NA,NA,,,NULL,,,,,,,,,,,,,,,,,
11,FIT-Andaman-005,"Experience Andaman
",Mountain Edge,,Winter,Domestic,FIT,No,3,9,8,2019-09-01,2020-03-31,,Family,"The Cellular Jail, Ross & North Bay,  Laxmanpur Beach, Bharatpur Beach, Bartang Island, Diglipur, Rangat",Yes,Asia,India,Andaman,Port Blair,,,,,No,No,Yes,Yes,Yes,No,No,No,Mountain Edge,"Standard, Deluxe, Premium","Twin Shared, Private AC transfer",47200,47200,,INR,1-Sep-19,31-Mar-20,Yes,Yes,NA,NA,,,NULL,,,,,,,,,,,,,,,,,
12,FIT-NorthEast-001,"Marvellous North East
",,Discover the Seven Sisters of the North East,Winter,Domestic,FIT,,,12,11,2019-10-01,2020-03-31,,Family,"Seven Sisters, Cherrapunjee,",,Asia,India,,,,,,,No,No,Yes,Yes,Yes,No,No,No,Clubside,Budget,"Twin Shared, Private transfer",64900,64900,82400,INR,1-Oct-19,31-Mar-20,Yes,Yes,NA,NA,8-Jan-20,Anita,Edawjar,,,,,,,,,,,,,,,,,
13,FIT-NorthEast-002,"Kaziranga Getaway
",,Explore The Land Of One Horned Rhinos,Winter,Domestic,FIT,,,3,2,2019-11-15,2020-03-31,,Wildlife,Kaziranga National Park,,Asia,India,Assam,,,,,,No,No,Yes,Yes,Yes,No,No,No,Clubside,Budget,"Twin Shared, Private transfer",16900,16900,20000,INR,15-Nov-19,31-Mar-20,Yes,Yes,NA,NA,,,NULL,,,,,,,,,,,,,,,,,
14,FIT-NorthEast-003,"Exciting North East
",,"Enjoy the wettest place on earth, Cherrapunji.
",Winter,Domestic,FIT,,,5,4,2019-10-01,2020-03-31,,Family,"Umiam lake, Kamakhya temple",,Asia,India,,,,,,,No,No,Yes,Yes,Yes,No,No,No,Clubside,Budget,"Twin Shared, Private transfer",24800,24800,30900,INR,1-Oct-19,31-Mar-20,Yes,Yes,NA,NA,,,NULL,,,,,,,,,,,,,,,,,
15,FIT-NorthEast-004,"Pleasant Meghalaya
",,"Shilong, known as the Scotland of the East",Winter,Domestic,FIT,,,5,4,2019-10-01,2020-03-31,,Family,"Mawlynnong Village, Dawki",,Asia,India,Meghalaya,,,,,,No,No,Yes,Yes,Yes,No,No,No,Clubside,Budget,"Twin Shared, Private transfer",24900,24900,30900,INR,1-Oct-19,31-Mar-20,Yes,Yes,NA,NA,,,NULL,,,,,,,,,,,,,,,,,
16,FIT-NorthEast-005,"Classic Arunachal
",,Arunachal Pradesh known as the Orchid State of India & the Paradise of the Botanists,Winter,Domestic,FIT,,,7,6,2019-10-01,2020-03-31,,Family,"Tawang Valley, Apple Orchards",,Asia,India,Arunachal Pradesh,,,,,,No,No,Yes,Yes,Yes,No,No,No,Clubside,Budget,"Twin Shared, Private transfer",33900,33900,37900,INR,1-Oct-19,31-Mar-20,Yes,Yes,NA,NA,,,NULL,,,,,,,,,,,,,,,,,
17,FIT-NorthEast-006,"Stunning North East
",,"Explore Navagraha temple, Guwahati -the ""temple of the nine planets,""- an ancient seat of astrology and astronomy.",Winter,Domestic,FIT,,,8,7,2019-10-01,2020-03-31,,Family,"Navagraha temple,  Mwasmai Cave",,Asia,India,,,,,,,No,No,Yes,Yes,Yes,No,No,No,Clubside,Budget,"Twin Shared, Private transfer",39900,39900,50900,INR,1-Oct-19,31-Mar-20,Yes,Yes,NA,NA,,,NULL,,,,,,,,,,,,,,,,,
18,FIT-NorthEast-007,"Glimpse Of North East
",,Explore famous 400-year-old monastery. This monastery is one of the biggest Buddhist monasteries to be found in India and is an important pilgrim center for the followers of Buddhism.,Winter,Domestic,FIT,,,9,8,2019-10-01,2020-03-31,,Family,"Brahmaputra River,Buddhist Gompas",,Asia,India,,,,,,,No,No,Yes,Yes,Yes,No,No,No,Clubside,Budget,"Twin Shared, Private transfer",45500,45500,52000,INR,1-Oct-19,31-Mar-20,Yes,Yes,NA,NA,,,NULL,,,,,,,,,,,,,,,,,
,,,,,,,,,,,,,,,,,,,,,,,,,,,,,,,,,,,,,,,,,,,,,,,,,,,,,,,,,,,,,,,,,,
