1,"FIT-Singapore-001, FIT-Singapore-002, FIT-Singapore-003, FIT-Singapore-004, FIT-Singapore-005, FIT-Singapore-006, FIT-Singapore-007, FIT-Singapore-008, FIT-Singapore-009, FIT-Singapore-0010, FIT-Singapore-0011, FIT-Singapore-0012, FIT-Singapore-0013,FIT-Singapore-0014, FIT-Singapore-0015,  FIT-SIngapore-0016",Singapore,Airport-Hotel Transfer,Singapore-APT-001,Car,Intercity,Singapore Apt � Hotel Transfer,Shared Transfer (SIC),Budget,Shared,,,,,,,,,,,,,,,,,,,,,,,NULL
2,"FIT-Singapore-001, FIT-Singapore-002, FIT-SIngapore-003 FIT-Singapore-004, FIT-Singapore-005, FIT-Singapore-006, FIT-Singapore-008, FIT-Singapore-009, FIT-Singapore-0010, FIT-Singapore-0011, FIT-Singapore-0012, FIT-Singapore-0013, FIT-Singapore-0014, FIT-Singapore-0015, FIT-SIngapore-0016 ",Singapore,Hotel-Airport Transfer,Singapore-APT-002,Car,Intercity,Singapore Hotel � Apt Transfer,Shared Transfer (SIC),Budget,Shared,,,,,,,,,,,,,,,,,,,,,,,NULL
3,FIT-Singapore-002,Singapore,Singapore-Sentosa,Singapore-Sentosa-001,Car,Intercity,Singapore Hotel to Sentosa Hotel Transfer,Shared Transfer (SIC),Budget,Shared,,,,,,,,,,,,,,,,,,,,,,,NULL
4,FIT-Singapore-002,Sentosa Island,Hotel to Aiport Transfer,Sentosa-APT-002,Car,Intercity,Sentosa Island Hotel to Airport,Shared Transfer (SIC),Budget,Shared,,,,,,,,,,,,,,,,,,,,,,,NULL
5,FIT-Singapore-005,Bangkok,Aiport-Pattaya Hotel Transfer,Bangkok-Pattaya-001,Car,Intercity,Bangkok Aiport to Pattaya Hotel Transfer ,,Budget,Shared,,,,,,,,,,,,,,,,,,,,,,,NULL
6,FIT-Singapore-005,Pattaya,Pattaya-Bangkok,Pattaya-Bangkok-002,Car,Intercity,Pattaya hotel to Bangkok Hotel Transfer,,Budget,Shared,,,,,,,,,,,,,,,,,,,,,,,NULL
7,FIT-Singapore-005,Bangkok,Hotel to Aiport Transfer,Bangkok-APT-003,Car,Intercity,Bangkok hotel to Aiport Transfer ,,Budget,Shared,,,,,,,,,,,,,,,,,,,,,,,NULL
8,FIT-SIngapore-006,Kuala Lumpur,Airport-Hotel Transfer,Kuala Lumpur-APT-001,Car,Intercity,Kuala Lumpur APT to Hotel Transfer,,Budget,Shared,,,,,,,,,,,,,,,,,,,,,,,NULL
9,FIT-SIngapore-006,Kuala Lumpur,Hotel to Aiport Transfer,Kuala Lumpur Hotel-APT-002,Car,Intercity,Hotel to Airport Transfer,,Budget,Shared,,,,,,,,,,,,,,,,,,,,,,,NULL
10,FIT-SIngapore-007,Singapore-Kuala Lumpur,Singapiore-Kuala Lumpur,Singapore to Kuala Lumpur-Road-001,Car,Intercountry,Singapore hotel to Kuala Lumpur,,Budget,Shared,,,,,,,,,,,,,,,,,,,,,,,NULL
11,FIT-SIngapore-008,Langkawi,Airport-Hotel Transfer,Langkawi-APT-001,Car,Intercity,langkawi APT to Hotel Transfer,,Budget,Shared,,,,,,,,,,,,,,,,,,,,,,,NULL
12,FIT-SIngapore-008,Langkawi,Hotel to Aiport Transfer,Hotel-APT-002,Car,Intercity,Hotel to Airport Transfer,,Budget,Shared,,,,,,,,,,,,,,,,,,,,,,,NULL
13,FIT-SIngapore-009,Bali,Airport-Hotel Transfer,Bali-APT-001,Car,Intercity,Bali APT to Hotel Transfer,,Budget,Shared,,,,,,,,,,,,,,,,,,,,,,,NULL
14,FIT-SIngapore-009,Bali,Hotel to Aiport Transfer,Hotel-APT-002,Car,Intercity,Hotel to Airport Transfer,,Budget,Shared,,,,,,,,,,,,,,,,,,,,,,,NULL
15,FIT-SIngapore-0010,Singapore,Hotel to Ferry Terminal,Hotel-Ferry-001,Car,Intercity,Hotel to Ferry Terminal Transfer,,Budget,Shared,,,,,,,,,,,,,,,,,,,,,,,NULL
16,FIT-SIngapore-0010,Bintan,Ferry to Bintan,Ferry-Bintan-002,Ferry,Intercity,Singapore Ferry terminal to Bintan ferry terminal,,Budget,Shared,,,,,,,,,,,,,,,,,,,,,,,NULL
17,FIT-SIngapore-0010,Bintan,Ferry to Hotel,Bintan-Hotel-003,Car,Intercity, Bintan ferry terminal to hotel Transfer,,Budget,Shared,,,,,,,,,,,,,,,,,,,,,,,NULL
18,FIT-SIngapore-0010,Bintan,Hotel to Ferry Terminal,Hotel-Ferry-004,Car,Intercity, Bintan hotel  to ferry terminal Transfer,,Budget,Shared,,,,,,,,,,,,,,,,,,,,,,,NULL
19,FIT-SIngapore-0010,Bintan,Ferry to Singapore,Ferry-Bintan-005,Ferry,Intercity,Bintan ferry terminal to Singapore Ferry terminal ,,Budget,Shared,,,,,,,,,,,,,,,,,,,,,,,NULL
20,FIT-SIngapore-0016,Singapore,Hotel to Resorts world Sentosa,Hotel-Road-001,Car,Intercity,Hotel to RWS Hotel,,Budget,Shared,,,,,,,,,,,,,,,,,,,,,,,NULL
